bayesian_uncertainty_weight,k,avg_ndcg_at_k,std_ndcg_at_k_across_users,avg_precision_at_k,std_precision_at_k_across_users,avg_mrr_at_k,std_mrr_at_k_across_users,mean_within_user_std_ndcg_at_k,mean_within_user_std_precision_at_k,mean_within_user_std_mrr_at_k,avg_relevant_hits_at_k,avg_strong_hits_at_k,avg_test_relevant,avg_test_strong_relevant,users_evaluated,avg_score_count
-5,5,0.011218126826759415,0.020573696453309667,0.017655172413793104,0.029159996891618696,0.030482758620689655,0.05345266309659628,0.02695746942771804,0.03975151564671381,0.065621357315114,0.08827586206896552,0.049999999999999996,44.83724137931034,19.103793103448275,29,251.9655172413793
-5,10,0.011999399098587916,0.01658322621899936,0.01624137931034483,0.019542362725287327,0.03782909140667761,0.054802264469568276,0.02507515079683157,0.03305585710545857,0.07447580476234791,0.16241379310344828,0.10793103448275862,44.83724137931034,19.103793103448275,29,251.9655172413793
-4,5,0.016503311580715208,0.025340668504610305,0.025448275862068968,0.03673416685836668,0.04014942528735633,0.06163848044430773,0.0350359076799124,0.05111814925215831,0.07720524762021684,0.12724137931034482,0.0803448275862069,44.83724137931034,19.103793103448275,29,251.9655172413793
-4,10,0.019010889164885417,0.02154118559047374,0.02596551724137931,0.02640682103253504,0.05275437876299945,0.0629081358381383,0.03281813006147175,0.04237686136469063,0.08702846950579891,0.2596551724137931,0.18448275862068964,44.83724137931034,19.103793103448275,29,251.9655172413793
-3,5,0.02813402420199071,0.05250473548037397,0.0406896551724138,0.07000872570527797,0.0557183908045977,0.08451843162659607,0.04280866656370611,0.059982581967118406,0.08642523585129357,0.20344827586206896,0.15,44.83724137931034,19.103793103448275,29,251.9655172413793
-3,10,0.031816790149810675,0.046247245690660674,0.041413793103448275,0.05241422737699273,0.07251929392446634,0.0860099805636789,0.04079082416638485,0.05261451418103478,0.09584859475664827,0.41413793103448276,0.323103448275862,44.83724137931034,19.103793103448275,29,251.9655172413793
-2,5,0.050310873710135956,0.0883694245822099,0.06572413793103449,0.10748252235055446,0.0907183908045977,0.11714788597913964,0.060231277077876504,0.07713290555829205,0.12452894659301972,0.3286206896551724,0.26586206896551723,44.83724137931034,19.103793103448275,29,251.9655172413793
-2,10,0.05348637405959342,0.07308873258483646,0.0636551724137931,0.07576621743517027,0.11172318007662835,0.1151161943845377,0.05499440914541389,0.06593478828399099,0.13190468339970093,0.636551724137931,0.5275862068965518,44.83724137931034,19.103793103448275,29,251.9655172413793
-1,5,0.07656039608811374,0.11930696179415819,0.096,0.1372953021774598,0.13085057471264366,0.15985925943478801,0.07508633254491488,0.09424094869789429,0.14440820955916422,0.48,0.4010344827586207,44.83724137931034,19.103793103448275,29,251.9655172413793
-1,10,0.07833864100693515,0.09587655014808875,0.09041379310344827,0.09738785390730176,0.15589463601532566,0.1555849150030089,0.06516282101640716,0.07573029815835244,0.14574968670111993,0.9041379310344827,0.756896551724138,44.83724137931034,19.103793103448275,29,251.9655172413793
0,5,0.10301579233718024,0.132009161152041,0.12413793103448276,0.147129613445796,0.17383908045977012,0.18186097888330552,0.09366981580464033,0.10997637978053108,0.17327538802615047,0.6206896551724138,0.5389655172413793,44.83724137931034,19.103793103448275,29,251.9655172413793
0,10,0.11050602570367545,0.10758812427440048,0.12627586206896552,0.1116348948747415,0.205453886152162,0.1712123388166795,0.07792152270126954,0.08642079044451761,0.16546521383911036,1.262758620689655,1.0910344827586207,44.83724137931034,19.103793103448275,29,251.9655172413793
3,5,0.16848912412781789,0.1601822921045346,0.19806896551724137,0.17296530020177925,0.27810919540229884,0.21836940485314515,0.11958552889615084,0.1326338419034345,0.21455741764250763,0.9903448275862069,0.8641379310344827,44.83724137931034,19.103793103448275,29,251.9655172413793
3,10,0.1723585529998438,0.1398641899932775,0.1953103448275862,0.1485588155407711,0.30690161466885607,0.2035881099711981,0.09262842188995196,0.09704627246251271,0.19914986554299988,1.953103448275862,1.6313793103448277,44.83724137931034,19.103793103448275,29,251.9655172413793
5,5,0.17790208105443972,0.17514841531862285,0.20420689655172414,0.17932599590656612,0.30714942528735634,0.24681687971602173,0.12493354941508171,0.13426982973504634,0.22926119048151902,1.0210344827586206,0.8648275862068965,44.83724137931034,19.103793103448275,29,251.9655172413793
5,10,0.17504487240834413,0.14814179728033053,0.19751724137931034,0.15359353146016255,0.3327531472359059,0.23484543704901484,0.0933603374620203,0.09621160026300804,0.21378126560000393,1.9751724137931035,1.5634482758620691,44.83724137931034,19.103793103448275,29,251.9655172413793
6,5,0.18078939318113593,0.1734414879996497,0.2063448275862069,0.17861856323743322,0.3182011494252873,0.2534938259607499,0.12913149492456028,0.1360112507031139,0.23767774331154187,1.0317241379310345,0.8620689655172413,44.83724137931034,19.103793103448275,29,251.9655172413793
6,10,0.1746231547529915,0.14751602845560843,0.1970344827586207,0.15680458328729258,0.34282881773399015,0.24187661964176768,0.0939361961516433,0.09538571226956055,0.22241444753073916,1.970344827586207,1.5196551724137932,44.83724137931034,19.103793103448275,29,251.9655172413793
7,5,0.18291674767244537,0.1726069279121384,0.2070344827586207,0.17787686004621703,0.32997701149425285,0.26349102694029536,0.13033070933761046,0.13597860914950483,0.2427844270259386,1.0351724137931035,0.8486206896551723,44.83724137931034,19.103793103448275,29,251.9655172413793
7,10,0.17433737710962072,0.1452175797972687,0.19551724137931034,0.15502617767185903,0.3547632731253421,0.25159710389406315,0.09534204199178548,0.09495303659451906,0.22739770283396277,1.9551724137931035,1.4779310344827585,44.83724137931034,19.103793103448275,29,251.9655172413793
8,5,0.18392562635802773,0.17098719658860312,0.20620689655172414,0.17657887337438613,0.33960919540229884,0.27255194377454345,0.13075245772039254,0.1349662191075098,0.2445925193330136,1.0310344827586206,0.8317241379310345,44.83724137931034,19.103793103448275,29,251.9655172413793
8,10,0.1738064756817579,0.14363175797005,0.1933103448275862,0.15398703643217038,0.36358593322386423,0.26065535536273915,0.09657669272725013,0.09484271081619737,0.23034575461599133,1.9331034482758622,1.4417241379310346,44.83724137931034,19.103793103448275,29,251.9655172413793
9,5,0.18533832978244236,0.16951769306655137,0.20710344827586208,0.17602401314016916,0.3466896551724138,0.275621547684307,0.13113333422573992,0.13474714964933832,0.2488171976411672,1.0355172413793103,0.8275862068965517,44.83724137931034,19.103793103448275,29,251.9655172413793
9,10,0.1727846883610896,0.14217131392097107,0.19131034482758622,0.15290125278573843,0.36925738916256157,0.26429737793230385,0.09811517605281797,0.09548832707466495,0.2360371634169142,1.913103448275862,1.4079310344827585,44.83724137931034,19.103793103448275,29,251.9655172413793
10,5,0.18664316325037475,0.16793666795479426,0.20862068965517241,0.1757686006806155,0.35386206896551725,0.2778186075630373,0.13205291889096235,0.13409305885340733,0.25115453198279897,1.043103448275862,0.8241379310344827,44.83724137931034,19.103793103448275,29,251.9655172413793
10,10,0.17216561550510268,0.13994309014698478,0.18979310344827588,0.1513334490715181,0.3756324575807334,0.26627343242763063,0.09862189401310567,0.09572293845533547,0.23942693791467623,1.8979310344827587,1.3844827586206896,44.83724137931034,19.103793103448275,29,251.9655172413793
12,5,0.18740381468235545,0.1643972138174017,0.20993103448275863,0.17415549928450288,0.35944827586206896,0.276627554261471,0.1339536025679211,0.1348314184104287,0.2555015818543896,1.0496551724137932,0.8189655172413793,44.83724137931034,19.103793103448275,29,251.9655172413793
12,10,0.17081609444895188,0.13629585135617547,0.18820689655172415,0.14886316327187982,0.3810555555555556,0.26488256452327735,0.099166361439701,0.09553527998337356,0.24421385491953046,1.8820689655172413,1.3520689655172413,44.83724137931034,19.103793103448275,29,251.9655172413793
13,5,0.18727526936572275,0.1628268534094275,0.20972413793103448,0.17300926823887708,0.3614942528735632,0.27592805697232214,0.13524116244326792,0.13560282957408035,0.25926856846533314,1.0486206896551724,0.8144827586206896,44.83724137931034,19.103793103448275,29,251.9655172413793
13,10,0.17004569877066447,0.13504969647851617,0.18724137931034482,0.14782220381555236,0.3833134920634921,0.2644363931783786,0.0994990005069499,0.09522513142911368,0.24729990197143908,1.8724137931034481,1.336896551724138,44.83724137931034,19.103793103448275,29,251.9655172413793
15,5,0.1877898894168521,0.16235678015718694,0.2104137931034483,0.1737488987100513,0.3637528735632184,0.27544428980663704,0.13606423298355327,0.1365183872227368,0.263000043677641,1.0520689655172415,0.8144827586206896,44.83724137931034,19.103793103448275,29,251.9655172413793
15,10,0.1688966629135778,0.13346352110584409,0.18541379310344827,0.14628287597308054,0.38589627805145044,0.2639275005525412,0.09954255870397322,0.09495596638367892,0.251180430143715,1.8541379310344825,1.3162068965517242,44.83724137931034,19.103793103448275,29,251.9655172413793
17,5,0.18737899943205574,0.1619329144887614,0.21013793103448278,0.17346875472832296,0.36464942528735633,0.2758831322649297,0.13544437868977993,0.1358476030860873,0.26331086431009443,1.0506896551724139,0.8110344827586207,44.83724137931034,19.103793103448275,29,251.9655172413793
17,10,0.1682509812372603,0.13326453087872536,0.1846551724137931,0.14656380274768413,0.3861000273672688,0.2647100570063253,0.09930064162075486,0.09483697368560624,0.25138881893061604,1.846551724137931,1.306896551724138,44.83724137931034,19.103793103448275,29,251.9655172413793
18,5,0.18673349678237883,0.16198559104731758,0.20868965517241378,0.1736690414569941,0.3648620689655172,0.2762006009447357,0.13548870046145337,0.13592953361091328,0.2646440459704051,1.0434482758620691,0.8041379310344827,44.83724137931034,19.103793103448275,29,251.9655172413793
18,10,0.16829851790801206,0.1330788062716767,0.18468965517241379,0.14614721136293554,0.3869058565955118,0.26485001271335173,0.09947840424921935,0.0950518443458576,0.25218007565723627,1.846896551724138,1.3051724137931036,44.83724137931034,19.103793103448275,29,251.9655172413793
20,5,0.1867442210026961,0.16162880728499757,0.2093793103448276,0.17450509894169353,0.36459195402298844,0.27438311612975963,0.13542853503057367,0.13645311454455974,0.2666478773480373,1.046896551724138,0.8048275862068965,44.83724137931034,19.103793103448275,29,251.9655172413793
20,10,0.16746655637520536,0.13227771197229898,0.18382758620689657,0.14560049768496114,0.38660946907498633,0.2631863098094708,0.099317348517429,0.09496111391634099,0.25401808330328385,1.8382758620689656,1.2955172413793103,44.83724137931034,19.103793103448275,29,251.9655172413793
