bayesian_uncertainty_weight,k,avg_ndcg_at_k,std_ndcg_at_k,avg_precision_at_k,std_precision_at_k,avg_mrr_at_k,std_mrr_at_k,avg_relevant_hits_at_k,avg_strong_hits_at_k,avg_test_relevant,avg_test_strong_relevant,username,component,score_count,n_runs,max_tfidf_features,clip_predictions,svd_explained_variance,candidate_universe_size
0,5,0.01177011624312014,0.04080051690536735,0.016,0.054531984868858144,0.020499999999999997,0.07490566457791151,0.08,0.08,27.61,15.48,LoyJoy,50,231,100,3000,False,0.12783040142102292,4859
0,5,0.4441229777877378,0.23591616727274503,0.40399999999999997,0.21268841914021464,0.7671666666666667,0.3403096150845101,2.02,1.85,17.19,8.18,DanteNani2004,50,75,100,3000,False,0.12783040142102292,4859
0,5,0.026811211799511375,0.05790664470436004,0.036000000000000004,0.07722458393307383,0.047,0.10351238966816874,0.18,0.18,41.19,21.31,Kutu_Mastor,50,237,100,3000,False,0.12783040142102292,4859
0,5,0.03783396391774988,0.07076145520389282,0.046000000000000006,0.08459051693633014,0.073,0.14220841157692582,0.23,0.23,14.55,8.34,Dadalt,50,68,100,3000,False,0.12783040142102292,4859
0,5,0.07967513141440258,0.10820932345892431,0.11200000000000002,0.13727506854649335,0.3343333333333333,0.4255505445810943,0.56,0.26,32.46,18.08,yorkie_pro,50,187,100,3000,False,0.12783040142102292,4859
0,5,0.0016958010263680803,0.0169580102636808,0.002,0.019999999999999993,0.003333333333333333,0.03333333333333334,0.01,0.01,23.48,23.48,Opelo_Stradyon,50,395,100,3000,False,0.12783040142102292,4859
0,5,0.12847049481087658,0.1066086230729369,0.21400000000000002,0.14840566843703248,0.26233333333333336,0.17792954380575074,1.07,0.64,16.53,8.52,Captn_Cook,50,79,100,3000,False,0.12783040142102292,4859
0,5,0.030969119523411845,0.06998780738355172,0.05,0.09999999999999999,0.06483333333333334,0.13263484974546982,0.25,0.17,19.83,9.35,Dinterdos123,50,83,100,3000,False,0.12783040142102292,4859
0,5,0.10304583634788578,0.11720042730047618,0.158,0.16647261430376867,0.18166666666666667,0.17710573734290921,0.79,0.58,48.0,17.9,Ebelha,50,191,100,3000,False,0.12783040142102292,4859
0,5,0.06370600179285296,0.06876724949482965,0.12200000000000001,0.1020793907711151,0.13416666666666668,0.11932693303378865,0.61,0.37,35.29,7.28,Moonshyla,50,144,100,3000,False,0.12783040142102292,4859
0,5,0.12078938253533877,0.14989203277472374,0.11,0.13142574813455418,0.2703333333333333,0.36769506836462096,0.55,0.55,60.88,33.29,LocNguyen,50,572,100,3000,False,0.12783040142102292,4859
0,5,0.0040847850486739005,0.023375926636723734,0.006000000000000001,0.03428932159955306,0.006500000000000001,0.0373726794827073,0.03,0.03,41.06,26.91,IM_C4,50,228,100,3000,False,0.12783040142102292,4859
0,5,0.003936152325370253,0.022494665491574868,0.006000000000000001,0.03428932159955306,0.006000000000000001,0.03428932159955306,0.03,0.03,34.29,9.94,HumanRat,50,161,100,3000,False,0.12783040142102292,4859
0,5,0.03637558191335406,0.0851271733316379,0.034,0.07550503361372739,0.08533333333333333,0.2162879362804856,0.17,0.17,27.24,5.73,KSTTK,50,138,100,3000,False,0.12783040142102292,4859
0,5,0.378837163570342,0.12054672156470482,0.486,0.15636011271575895,0.3545,0.10430828756728228,2.43,2.43,15.44,15.44,DaiShi57,50,190,100,3000,False,0.12783040142102292,4859
0,5,0.02308945950266036,0.052401829018883725,0.034,0.07550503361372737,0.03966666666666667,0.08988644788235235,0.17,0.16,32.02,12.67,dareggon,50,145,100,3000,False,0.12783040142102292,4859
0,5,0.07601134377255778,0.10974468664255413,0.114,0.1484056684370325,0.16566666666666666,0.23227054738588898,0.57,0.35,18.79,7.16,pensa89,50,92,100,3000,False,0.12783040142102292,4859
0,5,0.021103106682087237,0.06940148509433745,0.02,0.06030226891555273,0.050166666666666665,0.18540299480484076,0.1,0.1,32.63,17.87,MarnikBe,50,163,100,3000,False,0.12783040142102292,4859
0,5,0.05874467839043358,0.09148111069529972,0.064,0.09797958971132711,0.12233333333333332,0.1962073046481868,0.32,0.32,90.2,39.17,Edison-great,50,459,100,3000,False,0.12783040142102292,4859
0,5,0.13498980871311425,0.17338090544594104,0.13,0.15666989036012804,0.28600000000000003,0.36731439574275515,0.65,0.58,23.96,11.67,TheRealist68,50,149,100,3000,False,0.12783040142102292,4859
0,5,0.06655189983813455,0.08472970567320284,0.124,0.1498281844263116,0.12016666666666667,0.13524087916909125,0.62,0.39,45.98,25.59,MeloniaShaby,50,220,100,3000,False,0.12783040142102292,4859
0,5,0.08866302892729187,0.12049183026224648,0.098,0.12869194287761826,0.1733333333333333,0.26060018785959826,0.49,0.48,187.09,26.89,Irseus,50,775,100,3000,False,0.12783040142102292,4859
0,5,0.011957089699414407,0.03823861054937677,0.018000000000000002,0.057524698252932285,0.018500000000000003,0.05931213444927852,0.09,0.09,37.86,21.92,AkiAki_Akira,50,234,100,3000,False,0.12783040142102292,4859
0,5,0.045049060056314094,0.07412513084114299,0.05600000000000001,0.09025217197084258,0.08533333333333333,0.14786698909711546,0.28,0.28,85.95,51.45,GrumbleDango,50,488,100,3000,False,0.12783040142102292,4859
0,5,0.49079604745254807,0.15350736112398874,0.5880000000000001,0.18383127969401558,0.48700000000000004,0.06407329557145632,2.94,2.78,106.18,45.76,Vurnox,50,661,100,3000,False,0.12783040142102292,4859
0,5,0.014861651747073566,0.04828675893132252,0.02,0.06030226891555271,0.033666666666666664,0.10772569813261537,0.1,0.08,20.45,12.71,xF0x,50,135,100,3000,False,0.12783040142102292,4859
0,5,0.13839135655704182,0.14059847717928003,0.166,0.14786015779318734,0.2658333333333333,0.2636548669926064,0.83,0.71,35.49,19.37,alfalfy,50,161,100,3000,False,0.12783040142102292,4859
0,5,0.3058007073129136,0.2034598765301314,0.308,0.20581446975272652,0.5203333333333333,0.32929012516622264,1.54,1.44,87.15,16.15,Siipn,50,448,100,3000,False,0.12783040142102292,4859
0,5,0.03932501906964566,0.06202414548673198,0.05800000000000001,0.09120960431441374,0.06233333333333333,0.09937006981184413,0.29,0.29,41.49,16.4,Haileytokar,50,198,100,3000,False,0.12783040142102292,4859
0,5,0.010249121374960543,0.03778282120883158,0.014000000000000002,0.05128647999524856,0.017666666666666667,0.06636379010790426,0.07,0.07,27.61,15.48,LoyJoy,100,231,100,3000,False,0.1940193341423156,4859
0,5,0.44749771200568483,0.2361085514586149,0.40800000000000003,0.21446668644794134,0.7696666666666667,0.3423312498502261,2.04,1.88,17.19,8.18,DanteNani2004,100,75,100,3000,False,0.1940193341423156,4859
0,5,0.021563008699017706,0.05398217574620644,0.028000000000000004,0.06974701760395541,0.039,0.09896263281462701,0.14,0.14,41.19,21.31,Kutu_Mastor,100,237,100,3000,False,0.1940193341423156,4859
0,5,0.03768533119444624,0.07054710039953166,0.046000000000000006,0.08459051693633014,0.0725,0.14166666666666672,0.23,0.23,14.55,8.34,Dadalt,100,68,100,3000,False,0.1940193341423156,4859
0,5,0.0829099884485114,0.11452987027398608,0.11600000000000002,0.13978338220043873,0.33766666666666667,0.4242086446388233,0.58,0.28,32.46,18.08,yorkie_pro,100,187,100,3000,False,0.1940193341423156,4859
0,5,0.0016958010263680803,0.0169580102636808,0.002,0.019999999999999993,0.003333333333333333,0.03333333333333334,0.01,0.01,23.48,23.48,Opelo_Stradyon,100,395,100,3000,False,0.1940193341423156,4859
0,5,0.12469919903619088,0.10270152925430913,0.20400000000000001,0.14207694600412338,0.2605,0.17940628796565677,1.02,0.63,16.53,8.52,Captn_Cook,100,79,100,3000,False,0.1940193341423156,4859
0,5,0.03281760903911217,0.07077713780950572,0.054000000000000006,0.10192094381371666,0.06883333333333334,0.13364137396411652,0.27,0.18,19.83,9.35,Dinterdos123,100,83,100,3000,False,0.1940193341423156,4859
0,5,0.09323952116678277,0.11408245017694867,0.14600000000000002,0.1654012568198191,0.16516666666666666,0.17485114721172695,0.73,0.53,48.0,17.9,Ebelha,100,191,100,3000,False,0.1940193341423156,4859
0,5,0.06486270848207001,0.0734500366454396,0.126,0.10882290311521854,0.134,0.11427122322751453,0.63,0.38,35.29,7.28,Moonshyla,100,144,100,3000,False,0.1940193341423156,4859
0,5,0.1143137746256258,0.1416165934438018,0.11,0.13142574813455418,0.24666666666666667,0.34518493229857355,0.55,0.55,60.88,33.29,LocNguyen,100,572,100,3000,False,0.1940193341423156,4859
0,5,0.005396835823797318,0.026603655902394496,0.008,0.03938927711338648,0.0085,0.042076769665155445,0.04,0.04,41.06,26.91,IM_C4,100,228,100,3000,False,0.1940193341423156,4859
0,5,0.0026241015502468357,0.01846124902354874,0.004,0.028141058827257943,0.004,0.028141058827257943,0.02,0.02,34.29,9.94,HumanRat,100,161,100,3000,False,0.1940193341423156,4859
0,5,0.03614046438541305,0.08478734297061667,0.034,0.07550503361372739,0.08449999999999999,0.21548180296119532,0.17,0.17,27.24,5.73,KSTTK,100,138,100,3000,False,0.1940193341423156,4859
0,5,0.3756020701369399,0.11912020118669177,0.484,0.1561661896438496,0.3466666666666666,0.09818784534852727,2.42,2.42,15.44,15.44,DaiShi57,100,190,100,3000,False,0.1940193341423156,4859
0,5,0.023473209753905024,0.053333807953438915,0.034,0.07550503361372737,0.040999999999999995,0.09321601573348642,0.17,0.16,32.02,12.67,dareggon,100,145,100,3000,False,0.1940193341423156,4859
0,5,0.07537120663927749,0.11283749295061479,0.11200000000000002,0.14858252816790973,0.17116666666666666,0.2472730625286563,0.56,0.33,18.79,7.16,pensa89,100,92,100,3000,False,0.1940193341423156,4859
0,5,0.01747638710141006,0.06100013698631717,0.018000000000000002,0.05752469825293228,0.03933333333333333,0.15735824147980354,0.09,0.09,32.63,17.87,MarnikBe,100,163,100,3000,False,0.1940193341423156,4859
0,5,0.06371758668106188,0.09306466387689727,0.07,0.09999999999999999,0.13216666666666665,0.2005359681528674,0.35,0.35,90.2,39.17,Edison-great,100,459,100,3000,False,0.1940193341423156,4859
0,5,0.13626955733907722,0.17242648565876087,0.13,0.15406937962286255,0.28850000000000003,0.3713331383856007,0.65,0.59,23.96,11.67,TheRealist68,100,149,100,3000,False,0.1940193341423156,4859
0,5,0.0681526681483288,0.08827327088141103,0.128,0.15444916786614765,0.12016666666666667,0.13524087916909125,0.64,0.4,45.98,25.59,MeloniaShaby,100,220,100,3000,False,0.1940193341423156,4859
0,5,0.08652456644940106,0.12140821089765197,0.098,0.12869194287761826,0.166,0.255861915621141,0.49,0.48,187.09,26.89,Irseus,100,775,100,3000,False,0.1940193341423156,4859
0,5,0.010496406200987343,0.03577436650810192,0.016,0.05453198486885816,0.016,0.05453198486885816,0.08,0.08,37.86,21.92,AkiAki_Akira,100,234,100,3000,False,0.1940193341423156,4859
0,5,0.045937183298268486,0.07587494283203929,0.05600000000000001,0.09025217197084259,0.08866666666666667,0.15519221635751373,0.28,0.28,85.95,51.45,GrumbleDango,100,488,100,3000,False,0.1940193341423156,4859
0,5,0.4909446801758517,0.15321787933264885,0.5880000000000001,0.18383127969401558,0.48700000000000004,0.06407329557145632,2.94,2.78,106.18,45.76,Vurnox,100,661,100,3000,False,0.1940193341423156,4859
0,5,0.013549600971950149,0.04685486143522252,0.018000000000000002,0.057524698252932265,0.03166666666666666,0.1064554938277283,0.09,0.07,20.45,12.71,xF0x,100,135,100,3000,False,0.1940193341423156,4859
0,5,0.14008715758340992,0.14015604455207895,0.168,0.14694189052791987,0.26916666666666667,0.2623640153359639,0.84,0.72,35.49,19.37,alfalfy,100,161,100,3000,False,0.1940193341423156,4859
0,5,0.30796303311492246,0.2031151791285486,0.3,0.19796949055831606,0.545,0.35232512915345193,1.5,1.41,87.15,16.15,Siipn,100,448,100,3000,False,0.1940193341423156,4859
0,5,0.03991954996286025,0.06297553598399286,0.05800000000000001,0.09120960431441374,0.06433333333333334,0.102604139427264,0.29,0.29,41.49,16.4,Haileytokar,100,198,100,3000,False,0.1940193341423156,4859
0,5,0.008466835543955093,0.033725670710178256,0.012000000000000002,0.0477366513151884,0.013999999999999999,0.055994227696732575,0.06,0.06,27.61,15.48,LoyJoy,200,231,100,3000,False,0.29562264705222047,4859
0,5,0.4504974515118526,0.23462546083260027,0.41200000000000003,0.20854474122094058,0.7693333333333334,0.34023758781418634,2.06,1.9,17.19,8.18,DanteNani2004,200,75,100,3000,False,0.29562264705222047,4859
0,5,0.022875059474141125,0.055036968908510536,0.03,0.07177405625652734,0.040999999999999995,0.10017997272921836,0.15,0.15,41.19,21.31,Kutu_Mastor,200,237,100,3000,False,0.29562264705222047,4859
0,5,0.0380690814456909,0.07116263954685707,0.046000000000000006,0.08459051693633014,0.07383333333333333,0.14349444785655144,0.23,0.23,14.55,8.34,Dadalt,200,68,100,3000,False,0.29562264705222047,4859
0,5,0.0955200861517387,0.1260435891857565,0.126,0.14949071793082921,0.35766666666666663,0.43237669592953376,0.63,0.33,32.46,18.08,yorkie_pro,200,187,100,3000,False,0.29562264705222047,4859
0,5,0.0013120507751234179,0.013120507751234177,0.002,0.019999999999999993,0.002,0.019999999999999993,0.01,0.01,23.48,23.48,Opelo_Stradyon,200,395,100,3000,False,0.29562264705222047,4859
0,5,0.12019512410545713,0.109894097173199,0.19400000000000003,0.14621141466307538,0.2503333333333333,0.19786997056785866,0.97,0.6,16.53,8.52,Captn_Cook,200,79,100,3000,False,0.29562264705222047,4859
0,5,0.03247529149691153,0.0690245540374743,0.05,0.09587449708822045,0.06866666666666667,0.13573758270289293,0.25,0.18,19.83,9.35,Dinterdos123,200,83,100,3000,False,0.29562264705222047,4859
0,5,0.0872082059193968,0.11575641769602765,0.134,0.16830707866062178,0.1515,0.17640083869487666,0.67,0.49,48.0,17.9,Ebelha,200,191,100,3000,False,0.29562264705222047,4859
0,5,0.06414335205122744,0.07435345173765749,0.124,0.1092860208051988,0.13416666666666668,0.11932693303378863,0.62,0.37,35.29,7.28,Moonshyla,200,144,100,3000,False,0.29562264705222047,4859
0,5,0.11251319125574591,0.14034082281620516,0.10800000000000001,0.1252714224910426,0.24766666666666665,0.3487593853453153,0.54,0.54,60.88,33.29,LocNguyen,200,572,100,3000,False,0.29562264705222047,4859
0,5,0.005396835823797318,0.026603655902394496,0.008,0.03938927711338648,0.0085,0.042076769665155445,0.04,0.04,41.06,26.91,IM_C4,200,228,100,3000,False,0.29562264705222047,4859
0,5,0.0026241015502468357,0.01846124902354874,0.004,0.028141058827257943,0.004,0.028141058827257943,0.02,0.02,34.29,9.94,HumanRat,200,161,100,3000,False,0.29562264705222047,4859
0,5,0.03423333126774152,0.08133593506465345,0.034,0.07550503361372739,0.07766666666666666,0.20590633460569382,0.17,0.17,27.24,5.73,KSTTK,200,138,100,3000,False,0.29562264705222047,4859
0,5,0.38290181453120775,0.11976305355860192,0.494,0.15687606895285527,0.35,0.1005037815259212,2.47,2.47,15.44,15.44,DaiShi57,200,190,100,3000,False,0.29562264705222047,4859
0,5,0.02192604145084059,0.05163907567357912,0.032,0.07369058983549413,0.03816666666666667,0.08955855698406749,0.16,0.15,32.02,12.67,dareggon,200,145,100,3000,False,0.29562264705222047,4859
0,5,0.07692439303524322,0.11301210297019738,0.114,0.14840566843703248,0.17433333333333334,0.24823077673511504,0.57,0.34,18.79,7.16,pensa89,200,92,100,3000,False,0.29562264705222047,4859
0,5,0.01908570332314077,0.06259972337427651,0.02,0.06030226891555273,0.042333333333333334,0.15928818936985656,0.1,0.1,32.63,17.87,MarnikBe,200,163,100,3000,False,0.29562264705222047,4859
0,5,0.06744479491339594,0.09269196509582285,0.07600000000000001,0.10162318990896085,0.13733333333333334,0.197758482772339,0.38,0.38,90.2,39.17,Edison-great,200,459,100,3000,False,0.29562264705222047,4859
0,5,0.13208973957422948,0.17159033837940446,0.124,0.15512783910261385,0.27566666666666667,0.36748775527979655,0.62,0.58,23.96,11.67,TheRealist68,200,149,100,3000,False,0.29562264705222047,4859
0,5,0.0726500317164598,0.08864234395085789,0.134,0.15584244828309357,0.12683333333333333,0.13737344956892017,0.67,0.43,45.98,25.59,MeloniaShaby,200,220,100,3000,False,0.29562264705222047,4859
0,5,0.10022236452844208,0.13335624817555047,0.114,0.14285685425656275,0.18183333333333335,0.26070885628245866,0.57,0.56,187.09,26.89,Irseus,200,775,100,3000,False,0.29562264705222047,4859
0,5,0.010496406200987343,0.03577436650810192,0.016,0.05453198486885816,0.016,0.05453198486885816,0.08,0.08,37.86,21.92,AkiAki_Akira,200,234,100,3000,False,0.29562264705222047,4859
0,5,0.0472492340733919,0.0762062545006941,0.05800000000000001,0.09120960431441373,0.09066666666666666,0.15532667143703363,0.29,0.29,85.95,51.45,GrumbleDango,200,488,100,3000,False,0.29562264705222047,4859
0,5,0.4937168022664242,0.15297000103980035,0.5920000000000001,0.1818424226264781,0.4886666666666667,0.06217530698840282,2.96,2.8,106.18,45.76,Vurnox,200,661,100,3000,False,0.29562264705222047,4859
0,5,0.014713019023769919,0.047900136399931265,0.02,0.060302268915552716,0.033166666666666664,0.10682372170843353,0.1,0.08,20.45,12.71,xF0x,200,135,100,3000,False,0.29562264705222047,4859
0,5,0.14101545810728866,0.13941817514816301,0.17,0.14599017539934428,0.26983333333333337,0.26107022030990035,0.85,0.73,35.49,19.37,alfalfy,200,161,100,3000,False,0.29562264705222047,4859
0,5,0.315995321792478,0.20951629023204196,0.30400000000000005,0.2019700947960345,0.5606666666666666,0.36110349642321166,1.52,1.43,87.15,16.15,Siipn,200,448,100,3000,False,0.29562264705222047,4859
0,5,0.0394736517929493,0.0622638935912429,0.05800000000000001,0.09120960431441374,0.06283333333333334,0.10019215544875763,0.29,0.29,41.49,16.4,Haileytokar,200,198,100,3000,False,0.29562264705222047,4859
0,5,0.008701953071896109,0.0347607182352938,0.012000000000000002,0.0477366513151884,0.014833333333333334,0.06001753391388535,0.06,0.06,27.61,15.48,LoyJoy,300,231,100,3000,False,0.3789272706082881,4859
0,5,0.4482617371006931,0.237436892659141,0.414,0.21321019173244476,0.7623333333333333,0.3425626340527499,2.07,1.91,17.19,8.18,DanteNani2004,300,75,100,3000,False,0.3789272706082881,4859
0,5,0.022639941946200105,0.054451017353684926,0.03,0.07177405625652734,0.04016666666666666,0.09804757886690044,0.15,0.15,41.19,21.31,Kutu_Mastor,300,237,100,3000,False,0.3789272706082881,4859
0,5,0.03745021366650522,0.07014109618833755,0.046000000000000006,0.08459051693633014,0.07166666666666666,0.1403558888437135,0.23,0.23,14.55,8.34,Dadalt,300,68,100,3000,False,0.3789272706082881,4859
0,5,0.09782947329877502,0.12952888756219108,0.13,0.15666989036012807,0.3593333333333333,0.43260311435015647,0.65,0.35,32.46,18.08,yorkie_pro,300,187,100,3000,False,0.3789272706082881,4859
0,5,0.0013120507751234179,0.013120507751234177,0.002,0.019999999999999993,0.002,0.019999999999999993,0.01,0.01,23.48,23.48,Opelo_Stradyon,300,395,100,3000,False,0.3789272706082881,4859
0,5,0.12036117472420017,0.11410347953326577,0.2,0.1582735134206133,0.23216666666666666,0.19582131562810262,1.0,0.61,16.53,8.52,Captn_Cook,300,79,100,3000,False,0.3789272706082881,4859
0,5,0.030577257740109994,0.06819412193090606,0.046000000000000006,0.0936574458957598,0.06416666666666666,0.1341384572054526,0.23,0.17,19.83,9.35,Dinterdos123,300,83,100,3000,False,0.3789272706082881,4859
0,5,0.08836368824265803,0.11498471942809915,0.134,0.1683070786606218,0.14966666666666667,0.17409345117454325,0.67,0.51,48.0,17.9,Ebelha,300,191,100,3000,False,0.3789272706082881,4859
0,5,0.0635506577069466,0.07342484605059861,0.124,0.1092860208051988,0.132,0.11485314880857991,0.62,0.37,35.29,7.28,Moonshyla,300,144,100,3000,False,0.3789272706082881,4859
0,5,0.11618621835913609,0.14178950475128968,0.10800000000000001,0.12527142249104262,0.26016666666666666,0.3584391825498169,0.54,0.54,60.88,33.29,LocNguyen,300,572,100,3000,False,0.3789272706082881,4859
0,5,0.005396835823797318,0.026603655902394496,0.008,0.03938927711338648,0.0085,0.042076769665155445,0.04,0.04,41.06,26.91,IM_C4,300,228,100,3000,False,0.3789272706082881,4859
0,5,0.003936152325370253,0.022494665491574868,0.006000000000000001,0.03428932159955306,0.006000000000000001,0.03428932159955306,0.03,0.03,34.29,9.94,HumanRat,300,161,100,3000,False,0.3789272706082881,4859
0,5,0.029951203000726023,0.07934292715403247,0.028000000000000004,0.06974701760395541,0.07066666666666667,0.20542747852656487,0.14,0.14,27.24,5.73,KSTTK,300,138,100,3000,False,0.3789272706082881,4859
0,5,0.38453126484074657,0.1182102493498382,0.494,0.1542790335788379,0.355,0.10367814740415769,2.47,2.47,15.44,15.44,DaiShi57,300,190,100,3000,False,0.3789272706082881,4859
0,5,0.02192604145084059,0.05163907567357912,0.032,0.07369058983549413,0.03816666666666667,0.08955855698406749,0.16,0.15,32.02,12.67,dareggon,300,145,100,3000,False,0.3789272706082881,4859
0,5,0.07636846268773338,0.11183865954722085,0.11200000000000002,0.14583787871704276,0.17566666666666667,0.24872762632800852,0.56,0.34,18.79,7.16,pensa89,300,92,100,3000,False,0.3789272706082881,4859
0,5,0.02250347881078177,0.07010665712044906,0.022000000000000002,0.06289320754704403,0.052333333333333336,0.1846527362283944,0.11,0.11,32.63,17.87,MarnikBe,300,163,100,3000,False,0.3789272706082881,4859
0,5,0.06920090730949656,0.09324883623365632,0.07800000000000001,0.10207939077111511,0.141,0.1997110707610166,0.39,0.39,90.2,39.17,Edison-great,300,459,100,3000,False,0.3789272706082881,4859
0,5,0.12261159105617325,0.16025945614851694,0.12200000000000001,0.15013798367306702,0.24133333333333332,0.32289619518035956,0.61,0.58,23.96,11.67,TheRealist68,300,149,100,3000,False,0.3789272706082881,4859
0,5,0.07579840394593125,0.09105644898528488,0.138,0.1574929852534404,0.13066666666666665,0.13865070485703015,0.69,0.45,45.98,25.59,MeloniaShaby,300,220,100,3000,False,0.3789272706082881,4859
0,5,0.09062070203831989,0.12366610010715405,0.10200000000000001,0.12869194287761826,0.17016666666666666,0.252943335726926,0.51,0.51,187.09,26.89,Irseus,300,775,100,3000,False,0.3789272706082881,4859
0,5,0.010496406200987343,0.03577436650810192,0.016,0.05453198486885816,0.016,0.05453198486885816,0.08,0.08,37.86,21.92,AkiAki_Akira,300,234,100,3000,False,0.3789272706082881,4859
0,5,0.04632093354951314,0.07640574303604204,0.05600000000000001,0.09025217197084259,0.09,0.15672360882231354,0.28,0.28,85.95,51.45,GrumbleDango,300,488,100,3000,False,0.3789272706082881,4859
0,5,0.49336593681268714,0.15091497681306335,0.59,0.18062741382819672,0.4886666666666667,0.06217530698840282,2.95,2.8,106.18,45.76,Vurnox,300,661,100,3000,False,0.3789272706082881,4859
0,5,0.016173702522196985,0.049642385159040174,0.022000000000000002,0.06289320754704403,0.035666666666666666,0.10894401820261833,0.11,0.09,20.45,12.71,xF0x,300,135,100,3000,False,0.3789272706082881,4859
0,5,0.14290943609806162,0.14345539951410274,0.172,0.15047399855930008,0.27216666666666667,0.2608698111345805,0.86,0.74,35.49,19.37,alfalfy,300,161,100,3000,False,0.3789272706082881,4859
0,5,0.3178144011548853,0.20755946609521647,0.30400000000000005,0.19792866789769886,0.5635,0.3531380487592373,1.52,1.45,87.15,16.15,Siipn,300,448,100,3000,False,0.3789272706082881,4859
0,5,0.04108296801468001,0.0632691459306921,0.06,0.09211323729436767,0.06583333333333334,0.10250441396425268,0.3,0.3,41.49,16.4,Haileytokar,300,198,100,3000,False,0.3789272706082881,4859
