bayesian_uncertainty_weight,k,avg_precision_at_k,std_precision_at_k,avg_hit_rate,std_hit_rate,avg_hits,avg_ndcg_at_k,std_ndcg_at_k,avg_mrr_at_k,std_mrr_at_k,avg_relevant_hits_at_k,avg_strong_hits_at_k,avg_test_relevant,avg_test_strong_relevant,baseline_avg_precision_at_k,baseline_std_precision_at_k,baseline_avg_hit_rate,baseline_std_hit_rate,baseline_avg_hits,component,n_feature,clip_predictions,n_runs,svd_explained_variance
14,5,0.5780000000000001,0.19257951263534936,0.0903125,0.03009054884927333,2.89,0.6788172572333887,0.20321564878683562,0.9620000000000001,0.15337724448098267,3.51,2.8,46.31,31.86,0.10200000000000001,0.13179414618903593,0.0159375,0.020592835342036857,0.51,400,4000,False,100,0.40687277196386595
14,5,0.5780000000000001,0.19673085752629227,0.0903125,0.03073919648848316,2.89,0.6720377262257838,0.1992022757938842,0.9578333333333333,0.17318005071696324,3.45,2.77,46.31,31.86,0.10200000000000001,0.13179414618903593,0.0159375,0.020592835342036857,0.51,400,5000,False,100,0.37248975281117647
14,5,0.574,0.18996012340712068,0.0896875,0.02968126928236258,2.87,0.6869383604234568,0.195746519430278,0.9683333333333333,0.14103394056244897,3.54,2.85,46.31,31.86,0.10200000000000001,0.13179414618903593,0.0159375,0.020592835342036857,0.51,400,3000,False,100,0.45067283889708964
14,5,0.574,0.18782110551470962,0.0896875,0.02934704773667338,2.87,0.6722265657656427,0.20247691478801003,0.9595,0.16273571352936775,3.47,2.78,46.31,31.86,0.10200000000000001,0.13179414618903593,0.0159375,0.020592835342036857,0.51,300,4000,False,100,0.34098805737137655
14,5,0.564,0.171458390864897,0.088125,0.02679037357264016,2.82,0.6607177684934662,0.18641321927095128,0.9478333333333333,0.17040677220541445,3.41,2.73,46.31,31.86,0.10200000000000001,0.13179414618903593,0.0159375,0.020592835342036857,0.51,400,2000,False,100,0.5248408018418845
14,5,0.562,0.1857444752906802,0.0878125,0.029022574264168783,2.81,0.653545910551716,0.20730479895019926,0.9511666666666666,0.18403226123755181,3.33,2.68,46.31,31.86,0.10200000000000001,0.13179414618903593,0.0159375,0.020592835342036857,0.51,300,5000,False,100,0.31132106022696515
14,5,0.56,0.17056057308448833,0.0875,0.026650089544451305,2.8,0.6419173080611817,0.20030161507667849,0.9395,0.18585886720444228,3.27,2.66,46.31,31.86,0.10200000000000001,0.13179414618903593,0.0159375,0.020592835342036857,0.51,200,4000,False,100,0.2649706429012496
14,5,0.56,0.16817499303650438,0.0875,0.02627734266195381,2.8,0.6393501910318538,0.20011985383362632,0.9411666666666666,0.18105339292226597,3.27,2.64,46.31,31.86,0.10200000000000001,0.13179414618903593,0.0159375,0.020592835342036857,0.51,200,5000,False,100,0.2405193676459328
14,5,0.552,0.1866666666666666,0.08625,0.029166666666666664,2.76,0.6541207203231808,0.1988799568257762,0.9566666666666667,0.16131126543009228,3.36,2.68,46.31,31.86,0.10200000000000001,0.13179414618903593,0.0159375,0.020592835342036857,0.51,300,3000,False,100,0.37937105892729933
14,5,0.55,0.18062741382819672,0.0859375,0.028223033410655737,2.75,0.6405376519053759,0.19583310029480838,0.9375,0.1813308916205186,3.31,2.65,46.31,31.86,0.10200000000000001,0.13179414618903593,0.0159375,0.020592835342036857,0.51,300,2000,False,100,0.44402248624548446
14,5,0.5479999999999999,0.1743559577416269,0.085625,0.027243118397129208,2.74,0.6275169887983904,0.1947687694837353,0.9283333333333332,0.18951915052972462,3.21,2.61,46.31,31.86,0.10200000000000001,0.13179414618903593,0.0159375,0.020592835342036857,0.51,200,3000,False,100,0.2959702772822046
14,5,0.534,0.17536109931086524,0.0834375,0.0274001717673227,2.67,0.5858317457461917,0.19079198625768065,0.8545,0.2445116413607801,3.1,2.53,46.31,31.86,0.10200000000000001,0.13179414618903593,0.0159375,0.020592835342036857,0.51,200,2000,False,100,0.3480807165830282
14,10,0.41,0.1403458930534474,0.128125,0.04385809157920231,4.1,0.5175181735415919,0.15474226218169398,0.9595,0.16273571352936775,5.02,3.73,46.31,31.86,0.051000000000000004,0.06589707309451796,0.0159375,0.020592835342036857,0.51,300,4000,False,100,0.34098805737137655
14,10,0.405,0.13586609569571048,0.1265625,0.04245815490490953,4.05,0.5241294960551878,0.15587498910011433,0.9683333333333333,0.14103394056244897,5.08,3.76,46.31,31.86,0.051000000000000004,0.06589707309451796,0.0159375,0.020592835342036857,0.51,400,3000,False,100,0.45067283889708964
14,10,0.401,0.14034229439466778,0.1253125,0.043856966998333684,4.01,0.5111485431078013,0.15265590826244574,0.9478333333333333,0.17040677220541445,5.01,3.68,46.31,31.86,0.051000000000000004,0.06589707309451796,0.0159375,0.020592835342036857,0.51,400,2000,False,100,0.5248408018418845
14,10,0.401,0.13295020712942712,0.1253125,0.04154693972794598,4.01,0.5039829968938659,0.15209103171032864,0.9375,0.1813308916205186,5.02,3.67,46.31,31.86,0.051000000000000004,0.06589707309451796,0.0159375,0.020592835342036857,0.51,300,2000,False,100,0.44402248624548446
14,10,0.39799999999999996,0.1399711369958792,0.124375,0.043740980311212256,3.98,0.5004491056972215,0.15879879514883996,0.9395,0.18585886720444228,4.85,3.64,46.31,31.86,0.051000000000000004,0.06589707309451796,0.0159375,0.020592835342036857,0.51,200,4000,False,100,0.2649706429012496
14,10,0.397,0.13518038827336376,0.1240625,0.04224387133542617,3.97,0.5164943452288485,0.154523170745237,0.9620000000000001,0.15337724448098267,4.98,3.67,46.31,31.86,0.051000000000000004,0.06589707309451796,0.0159375,0.020592835342036857,0.51,400,4000,False,100,0.40687277196386595
14,10,0.396,0.13174815276722388,0.12375,0.04117129773975745,3.96,0.5087408477670837,0.15365855732300102,0.9566666666666667,0.16131126543009228,4.96,3.67,46.31,31.86,0.051000000000000004,0.06589707309451796,0.0159375,0.020592835342036857,0.51,300,3000,False,100,0.37937105892729933
14,10,0.392,0.13756908273755597,0.1225,0.042990338355486254,3.92,0.5162819652847364,0.15413368855904783,0.9595,0.1644508427638677,4.96,3.71,46.31,31.86,0.051000000000000004,0.06589707309451796,0.0159375,0.020592835342036857,0.51,400,5000,False,100,0.37248975281117647
14,10,0.392,0.13683286273126172,0.1225,0.0427602696035193,3.92,0.4916122776103907,0.154125283066373,0.9283333333333332,0.18951915052972462,4.81,3.6,46.31,31.86,0.051000000000000004,0.06589707309451796,0.0159375,0.020592835342036857,0.51,200,3000,False,100,0.2959702772822046
14,10,0.38799999999999996,0.13278675849768762,0.12125,0.0414958620305274,3.88,0.5059100486598224,0.15245540211406441,0.9528333333333333,0.17590642280694654,4.9,3.63,46.31,31.86,0.051000000000000004,0.06589707309451796,0.0159375,0.020592835342036857,0.51,300,5000,False,100,0.31132106022696515
14,10,0.38799999999999996,0.13873890892062268,0.12125,0.043355909037694595,3.88,0.4960340522490961,0.15654074971484888,0.9411666666666666,0.18105339292226597,4.83,3.57,46.31,31.86,0.051000000000000004,0.06589707309451796,0.0159375,0.020592835342036857,0.51,200,5000,False,100,0.2405193676459328
14,10,0.379,0.13506077943435,0.1184375,0.04220649357323438,3.79,0.4663976679285057,0.15625140851954505,0.8545,0.2445116413607801,4.75,3.52,46.31,31.86,0.051000000000000004,0.06589707309451796,0.0159375,0.020592835342036857,0.51,200,2000,False,100,0.3480807165830282
